step_number,epoch_number,training_loss
1,0,1.628739833831787
2,0,1.3465981483459473
3,0,1.2822883129119873
4,0,0.9088711738586426
5,0,0.8190938234329224
6,0,0.6031067967414856
7,1,0.3396947979927063
8,1,0.3657088875770569
9,1,0.260779470205307
10,1,0.2684915065765381
11,1,0.3240891695022583
12,1,0.14274069666862488
13,2,0.21473078429698944
14,2,0.21800699830055237
15,2,0.2473328709602356
16,2,0.12393781542778015
17,2,0.16644632816314697
18,2,0.14835132658481598
